date	sku_id	category	brand	stock_available	stock_incoming	daily_sales	last_restock_date	supplier_lead_time	price
2026-01-01	SKU001	Electronics	Apple	180	0	3	2026-01-01	21	1200
2026-01-01	SKU002	Electronics	Samsung	300	0	8	2026-01-01	14	800
2026-01-01	SKU003	Electronics	Sony	200	0	9	2026-01-01	18	650
2026-01-01	SKU004	Fashion	Nike	500	0	17	2026-01-01	7	180
2026-01-01	SKU005	Fashion	Puma	400	0	15	2026-01-01	10	150
2026-01-01	SKU006	Fashion	Adidas	480	0	15	2026-01-01	12	160
2026-01-01	SKU007	Home	IKEA	300	0	14	2026-01-01	16	300
2026-01-01	SKU008	Home	HomeCentre	350	0	17	2026-01-01	8	250
2026-01-01	SKU009	Beauty	Loreal	800	0	42	2026-01-01	5	60
2026-01-01	SKU010	Beauty	Maybelline	700	0	31	2026-01-01	6	45
2026-01-02	SKU001	Electronics	Apple	173	0	5	2026-01-01	21	1200
2026-01-02	SKU002	Electronics	Samsung	291	0	7	2026-01-01	14	800
2026-01-02	SKU003	Electronics	Sony	194	0	9	2026-01-01	18	650
2026-01-02	SKU004	Fashion	Nike	482	0	21	2026-01-01	7	180
2026-01-02	SKU005	Fashion	Puma	383	0	13	2026-01-01	10	150
2026-01-02	SKU006	Fashion	Adidas	461	0	20	2026-01-01	12	160
2026-01-02	SKU007	Home	IKEA	288	0	10	2026-01-01	16	300
2026-01-02	SKU008	Home	HomeCentre	334	0	14	2026-01-01	8	250
2026-01-02	SKU009	Beauty	Loreal	761	0	37	2026-01-01	5	60
2026-01-02	SKU010	Beauty	Maybelline	670	0	33	2026-01-01	6	45
2026-01-03	SKU001	Electronics	Apple	166	0	3	2026-01-01	21	1200
2026-01-03	SKU002	Electronics	Samsung	276	0	12	2026-01-01	14	800
2026-01-03	SKU003	Electronics	Sony	184	0	10	2026-01-01	18	650
2026-01-03	SKU004	Fashion	Nike	462	0	20	2026-01-01	7	180
2026-01-03	SKU005	Fashion	Puma	370	0	16	2026-01-01	10	150
2026-01-03	SKU006	Fashion	Adidas	444	0	19	2026-01-01	12	160
2026-01-03	SKU007	Home	IKEA	272	0	13	2026-01-01	16	300
2026-01-03	SKU008	Home	HomeCentre	318	0	13	2026-01-01	8	250
2026-01-03	SKU009	Beauty	Loreal	722	0	42	2026-01-01	5	60
2026-01-03	SKU010	Beauty	Maybelline	640	0	33	2026-01-01	6	45
2026-01-04	SKU001	Electronics	Apple	162	0	3	2026-01-01	21	1200
2026-01-04	SKU002	Electronics	Samsung	267	0	9	2026-01-01	14	800
2026-01-04	SKU003	Electronics	Sony	182	0	5	2026-01-01	18	650
2026-01-04	SKU004	Fashion	Nike	446	0	17	2026-01-01	7	180
2026-01-04	SKU005	Fashion	Puma	358	0	13	2026-01-01	10	150
2026-01-04	SKU006	Fashion	Adidas	429	0	20	2026-01-01	12	160
2026-01-04	SKU007	Home	IKEA	261	0	9	2026-01-01	16	300
2026-01-04	SKU008	Home	HomeCentre	308	0	16	2026-01-01	8	250
2026-01-04	SKU009	Beauty	Loreal	680	0	37	2026-01-01	5	60
2026-01-04	SKU010	Beauty	Maybelline	604	0	30	2026-01-01	6	45
2026-01-05	SKU001	Electronics	Apple	160	0	5	2026-01-01	21	1200
2026-01-05	SKU002	Electronics	Samsung	256	0	10	2026-01-01	14	800
2026-01-05	SKU003	Electronics	Sony	176	0	6	2026-01-01	18	650
2026-01-05	SKU004	Fashion	Nike	420	0	17	2026-01-01	7	180
2026-01-05	SKU005	Fashion	Puma	340	0	16	2026-01-01	10	150
2026-01-05	SKU006	Fashion	Adidas	408	0	21	2026-01-01	12	160
2026-01-05	SKU007	Home	IKEA	260	0	14	2026-01-01	16	300
2026-01-05	SKU008	Home	HomeCentre	286	0	13	2026-01-01	8	250
2026-01-05	SKU009	Beauty	Loreal	640	0	38	2026-01-01	5	60
2026-01-05	SKU010	Beauty	Maybelline	572	0	34	2026-01-01	6	45
2026-01-06	SKU001	Electronics	Apple	160	0	5	2026-01-01	21	1200
2026-01-06	SKU002	Electronics	Samsung	250	0	7	2026-01-01	14	800
2026-01-06	SKU003	Electronics	Sony	155	0	10	2026-01-01	18	650
2026-01-06	SKU004	Fashion	Nike	390	0	20	2026-01-01	7	180
2026-01-06	SKU005	Fashion	Puma	325	0	13	2026-01-01	10	150
2026-01-06	SKU006	Fashion	Adidas	400	0	21	2026-01-01	12	160
2026-01-06	SKU007	Home	IKEA	250	0	10	2026-01-01	16	300
2026-01-06	SKU008	Home	HomeCentre	280	0	17	2026-01-01	8	250
2026-01-06	SKU009	Beauty	Loreal	600	0	37	2026-01-01	5	60
2026-01-06	SKU010	Beauty	Maybelline	535	0	35	2026-01-01	6	45
2026-01-07	SKU001	Electronics	Apple	150	0	8	2026-01-01	21	1200
2026-01-07	SKU002	Electronics	Samsung	234	0	10	2026-01-01	14	800
2026-01-07	SKU003	Electronics	Sony	140	0	7	2026-01-01	18	650
2026-01-07	SKU004	Fashion	Nike	374	0	19	2026-01-01	7	180
2026-01-07	SKU005	Fashion	Puma	310	0	16	2026-01-01	10	150
2026-01-07	SKU006	Fashion	Adidas	378	0	17	2026-01-01	12	160
2026-01-07	SKU007	Home	IKEA	216	0	12	2026-01-01	16	300
2026-01-07	SKU008	Home	HomeCentre	278	0	15	2026-01-01	8	250
2026-01-07	SKU009	Beauty	Loreal	566	0	38	2026-01-01	5	60
2026-01-07	SKU010	Beauty	Maybelline	502	0	30	2026-01-01	6	45
2026-01-08	SKU001	Electronics	Apple	131	0	4	2026-01-01	21	1200
2026-01-08	SKU002	Electronics	Samsung	223	0	13	2026-01-01	14	800
2026-01-08	SKU003	Electronics	Sony	130	0	9	2026-01-01	18	650
2026-01-08	SKU004	Fashion	Nike	346	0	23	2026-01-01	7	180
2026-01-08	SKU005	Fashion	Puma	302	0	13	2026-01-01	10	150
2026-01-08	SKU006	Fashion	Adidas	368	0	17	2026-01-01	12	160
2026-01-08	SKU007	Home	IKEA	209	0	13	2026-01-01	16	300
2026-01-08	SKU008	Home	HomeCentre	245	0	17	2026-01-01	8	250
2026-01-08	SKU009	Beauty	Loreal	513	0	37	2026-01-01	5	60
2026-01-08	SKU010	Beauty	Maybelline	462	0	31	2026-01-01	6	45
2026-01-09	SKU001	Electronics	Apple	116	0	7	2026-01-01	21	1200
2026-01-09	SKU002	Electronics	Samsung	236	0	9	2026-01-01	14	800
2026-01-09	SKU003	Electronics	Sony	136	0	10	2026-01-01	18	650
2026-01-09	SKU004	Fashion	Nike	324	0	18	2026-01-01	7	180
2026-01-09	SKU005	Fashion	Puma	264	0	17	2026-01-01	10	150
2026-01-09	SKU006	Fashion	Adidas	328	0	20	2026-01-01	12	160
2026-01-09	SKU007	Home	IKEA	196	0	13	2026-01-01	16	300
2026-01-09	SKU008	Home	HomeCentre	222	0	12	2026-01-01	8	250
2026-01-09	SKU009	Beauty	Loreal	472	0	43	2026-01-01	5	60
2026-01-09	SKU010	Beauty	Maybelline	452	0	33	2026-01-01	6	45
2026-01-10	SKU001	Electronics	Apple	117	0	5	2026-01-01	21	1200
2026-01-10	SKU002	Electronics	Samsung	228	0	7	2026-01-01	14	800
2026-01-10	SKU003	Electronics	Sony	128	0	9	2026-01-01	18	650
2026-01-10	SKU004	Fashion	Nike	338	0	23	2026-01-01	7	180
2026-01-10	SKU005	Fashion	Puma	274	0	14	2026-01-01	10	150
2026-01-10	SKU006	Fashion	Adidas	327	0	18	2026-01-01	12	160
2026-01-10	SKU007	Home	IKEA	210	0	14	2026-01-01	16	300
2026-01-10	SKU008	Home	HomeCentre	233	0	17	2026-01-01	8	250
2026-01-10	SKU009	Beauty	Loreal	431	0	38	2026-01-01	5	60
2026-01-10	SKU010	Beauty	Maybelline	394	0	35	2026-01-01	6	45
2026-01-11	SKU001	Electronics	Apple	100	0	5	2026-01-01	21	1200
2026-01-11	SKU002	Electronics	Samsung	220	0	9	2026-01-01	14	800
2026-01-11	SKU003	Electronics	Sony	140	0	11	2026-01-01	18	650
2026-01-11	SKU004	Fashion	Nike	300	0	22	2026-01-01	7	180
2026-01-11	SKU005	Fashion	Puma	230	0	15	2026-01-01	10	150
2026-01-11	SKU006	Fashion	Adidas	310	0	18	2026-01-01	12	160
2026-01-11	SKU007	Home	IKEA	180	0	15	2026-01-01	16	300
2026-01-11	SKU008	Home	HomeCentre	230	0	14	2026-01-01	8	250
2026-01-11	SKU009	Beauty	Loreal	420	0	41	2026-01-01	5	60
2026-01-11	SKU010	Beauty	Maybelline	380	0	30	2026-01-01	6	45
2026-01-12	SKU001	Electronics	Apple	125	0	5	2026-01-01	21	1200
2026-01-12	SKU002	Electronics	Samsung	212	0	11	2026-01-01	14	800
2026-01-12	SKU003	Electronics	Sony	123	0	8	2026-01-01	18	650
2026-01-12	SKU004	Fashion	Nike	291	0	23	2026-01-01	7	180
2026-01-12	SKU005	Fashion	Puma	235	0	17	2026-01-01	10	150
2026-01-12	SKU006	Fashion	Adidas	293	0	17	2026-01-01	12	160
2026-01-12	SKU007	Home	IKEA	179	0	9	2026-01-01	16	300
2026-01-12	SKU008	Home	HomeCentre	218	0	15	2026-01-01	8	250
2026-01-12	SKU009	Beauty	Loreal	360	0	42	2026-01-01	5	60
2026-01-12	SKU010	Beauty	Maybelline	348	0	29	2026-01-01	6	45
2026-01-13	SKU001	Electronics	Apple	120	0	7	2026-01-01	21	1200
2026-01-13	SKU002	Electronics	Samsung	180	0	7	2026-01-01	14	800
2026-01-13	SKU003	Electronics	Sony	92	0	5	2026-01-01	18	650
2026-01-13	SKU004	Fashion	Nike	284	0	17	2026-01-01	7	180
2026-01-13	SKU005	Fashion	Puma	208	0	18	2026-01-01	10	150
2026-01-13	SKU006	Fashion	Adidas	288	0	15	2026-01-01	12	160
2026-01-13	SKU007	Home	IKEA	132	0	14	2026-01-01	16	300
2026-01-13	SKU008	Home	HomeCentre	182	0	15	2026-01-01	8	250
2026-01-13	SKU009	Beauty	Loreal	320	0	39	2026-01-01	5	60
2026-01-13	SKU010	Beauty	Maybelline	292	0	32	2026-01-01	6	45
2026-01-14	SKU001	Electronics	Apple	102	0	7	2026-01-01	21	1200
2026-01-14	SKU002	Electronics	Samsung	170	0	8	2026-01-01	14	800
2026-01-14	SKU003	Electronics	Sony	70	0	7	2026-01-01	18	650
2026-01-14	SKU004	Fashion	Nike	266	0	20	2026-01-01	7	180
2026-01-14	SKU005	Fashion	Puma	205	0	19	2026-01-01	10	150
2026-01-14	SKU006	Fashion	Adidas	259	0	21	2026-01-01	12	160
2026-01-14	SKU007	Home	IKEA	157	0	15	2026-01-01	16	300
2026-01-14	SKU008	Home	HomeCentre	194	0	12	2026-01-01	8	250
2026-01-14	SKU009	Beauty	Loreal	306	0	37	2026-01-01	5	60
2026-01-14	SKU010	Beauty	Maybelline	284	0	30	2026-01-01	6	45
2026-01-15	SKU001	Electronics	Apple	110	0	4	2026-01-01	21	1200
2026-01-15	SKU002	Electronics	Samsung	174	0	9	2026-01-01	14	800
2026-01-15	SKU003	Electronics	Sony	102	0	9	2026-01-01	18	650
2026-01-15	SKU004	Fashion	Nike	192	0	19	2026-01-01	7	180
2026-01-15	SKU005	Fashion	Puma	162	0	15	2026-01-01	10	150
2026-01-15	SKU006	Fashion	Adidas	242	0	18	2026-01-01	12	160
2026-01-15	SKU007	Home	IKEA	118	0	12	2026-01-01	16	300
2026-01-15	SKU008	Home	HomeCentre	154	0	13	2026-01-01	8	250
2026-01-15	SKU009	Beauty	Loreal	240	0	39	2026-01-01	5	60
2026-01-15	SKU010	Beauty	Maybelline	252	0	35	2026-01-01	6	45
2026-01-16	SKU001	Electronics	Apple	90	0	6	2026-01-01	21	1200
2026-01-16	SKU002	Electronics	Samsung	120	0	12	2026-01-01	14	800
2026-01-16	SKU003	Electronics	Sony	65	0	9	2026-01-01	18	650
2026-01-16	SKU004	Fashion	Nike	200	0	20	2026-01-01	7	180
2026-01-16	SKU005	Fashion	Puma	190	0	13	2026-01-01	10	150
2026-01-16	SKU006	Fashion	Adidas	180	0	20	2026-01-01	12	160
2026-01-16	SKU007	Home	IKEA	90	0	9	2026-01-01	16	300
2026-01-16	SKU008	Home	HomeCentre	125	0	13	2026-01-01	8	250
2026-01-16	SKU009	Beauty	Loreal	230	0	42	2026-01-01	5	60
2026-01-16	SKU010	Beauty	Maybelline	220	0	33	2026-01-01	6	45
2026-01-17	SKU001	Electronics	Apple	68	0	7	2026-01-01	21	1200
2026-01-17	SKU002	Electronics	Samsung	124	0	7	2026-01-01	14	800
2026-01-17	SKU003	Electronics	Sony	104	0	7	2026-01-01	18	650
2026-01-17	SKU004	Fashion	Nike	196	0	17	2026-01-01	7	180
2026-01-17	SKU005	Fashion	Puma	144	0	14	2026-01-01	10	150
2026-01-17	SKU006	Fashion	Adidas	176	0	21	2026-01-01	12	160
2026-01-17	SKU007	Home	IKEA	124	0	10	2026-01-01	16	300
2026-01-17	SKU008	Home	HomeCentre	110	0	14	2026-01-01	8	250
2026-01-17	SKU009	Beauty	Loreal	192	0	37	2026-01-01	5	60
2026-01-17	SKU010	Beauty	Maybelline	204	0	35	2026-01-01	6	45
2026-01-18	SKU001	Electronics	Apple	78	0	4	2026-01-01	21	1200
2026-01-18	SKU002	Electronics	Samsung	147	0	10	2026-01-01	14	800
2026-01-18	SKU003	Electronics	Sony	30	0	7	2026-01-01	18	650
2026-01-18	SKU004	Fashion	Nike	126	0	17	2026-01-01	7	180
2026-01-18	SKU005	Fashion	Puma	145	0	19	2026-01-01	10	150
2026-01-18	SKU006	Fashion	Adidas	191	0	19	2026-01-01	12	160
2026-01-18	SKU007	Home	IKEA	113	0	15	2026-01-01	16	300
2026-01-18	SKU008	Home	HomeCentre	146	0	13	2026-01-01	8	250
2026-01-18	SKU009	Beauty	Loreal	154	0	37	2026-01-01	5	60
2026-01-18	SKU010	Beauty	Maybelline	173	0	31	2026-01-01	6	45
2026-01-19	SKU001	Electronics	Apple	36	0	4	2026-01-01	21	1200
2026-01-19	SKU002	Electronics	Samsung	138	0	9	2026-01-01	14	800
2026-01-19	SKU003	Electronics	Sony	56	0	6	2026-01-01	18	650
2026-01-19	SKU004	Fashion	Nike	122	0	19	2026-01-01	7	180
2026-01-19	SKU005	Fashion	Puma	130	0	18	2026-01-01	10	150
2026-01-19	SKU006	Fashion	Adidas	192	0	20	2026-01-01	12	160
2026-01-19	SKU007	Home	IKEA	120	0	11	2026-01-01	16	300
2026-01-19	SKU008	Home	HomeCentre	80	0	16	2026-01-01	8	250
2026-01-19	SKU009	Beauty	Loreal	116	0	40	2026-01-01	5	60
2026-01-19	SKU010	Beauty	Maybelline	160	0	31	2026-01-01	6	45
2026-01-20	SKU001	Electronics	Apple	28	0	3	2026-01-01	21	1200
2026-01-20	SKU002	Electronics	Samsung	129	0	10	2026-01-01	14	800
2026-01-20	SKU003	Electronics	Sony	48	0	8	2026-01-01	18	650
2026-01-20	SKU004	Fashion	Nike	101	0	20	2026-01-01	7	180
2026-01-20	SKU005	Fashion	Puma	134	0	18	2026-01-01	10	150
2026-01-20	SKU006	Fashion	Adidas	100	0	15	2026-01-01	12	160
2026-01-20	SKU007	Home	IKEA	53	0	14	2026-01-01	16	300
2026-01-20	SKU008	Home	HomeCentre	84	0	16	2026-01-01	8	250
2026-01-20	SKU009	Beauty	Loreal	2	0	42	2026-01-01	5	60
2026-01-20	SKU010	Beauty	Maybelline	92	0	30	2026-01-01	6	45
2026-01-21	SKU001	Electronics	Apple	40	0	8	2026-01-01	21	1200
2026-01-21	SKU002	Electronics	Samsung	100	0	8	2026-01-01	14	800
2026-01-21	SKU003	Electronics	Sony	80	0	11	2026-01-01	18	650
2026-01-21	SKU004	Fashion	Nike	120	0	21	2026-01-01	7	180
2026-01-21	SKU005	Fashion	Puma	80	0	18	2026-01-01	10	150
2026-01-21	SKU006	Fashion	Adidas	160	0	18	2026-01-01	12	160
2026-01-21	SKU007	Home	IKEA	60	0	15	2026-01-01	16	300
2026-01-21	SKU008	Home	HomeCentre	110	0	17	2026-01-01	8	250
2026-01-21	SKU009	Beauty	Loreal	0	0	37	2026-01-01	5	60
2026-01-21	SKU010	Beauty	Maybelline	80	0	35	2026-01-01	6	45
2026-01-22	SKU001	Electronics	Apple	33	0	6	2026-01-01	21	1200
2026-01-22	SKU002	Electronics	Samsung	90	0	7	2026-01-01	14	800
2026-01-22	SKU003	Electronics	Sony	32	0	11	2026-01-01	18	650
2026-01-22	SKU004	Fashion	Nike	38	0	22	2026-01-01	7	180
2026-01-22	SKU005	Fashion	Puma	22	0	17	2026-01-01	10	150
2026-01-22	SKU006	Fashion	Adidas	144	0	15	2026-01-01	12	160
2026-01-22	SKU007	Home	IKEA	6	0	15	2026-01-01	16	300
2026-01-22	SKU008	Home	HomeCentre	77	0	14	2026-01-01	8	250
2026-01-22	SKU009	Beauty	Loreal	780	0	43	2026-01-22	5	60
2026-01-22	SKU010	Beauty	Maybelline	7	0	29	2026-01-01	6	45
2026-01-23	SKU001	Electronics	Apple	70	0	6	2026-01-01	21	1200
2026-01-23	SKU002	Electronics	Samsung	58	0	11	2026-01-01	14	800
2026-01-23	SKU003	Electronics	Sony	0	0	6	2026-01-01	18	650
2026-01-23	SKU004	Fashion	Nike	104	0	18	2026-01-01	7	180
2026-01-23	SKU005	Fashion	Puma	92	0	17	2026-01-01	10	150
2026-01-23	SKU006	Fashion	Adidas	106	0	20	2026-01-01	12	160
2026-01-23	SKU007	Home	IKEA	14	0	15	2026-01-01	16	300
2026-01-23	SKU008	Home	HomeCentre	0	0	17	2026-01-01	8	250
2026-01-23	SKU009	Beauty	Loreal	739	0	38	2026-01-22	5	60
2026-01-23	SKU010	Beauty	Maybelline	0	0	33	2026-01-01	6	45
2026-01-24	SKU001	Electronics	Apple	88	0	8	2026-01-01	21	1200
2026-01-24	SKU002	Electronics	Samsung	47	0	10	2026-01-01	14	800
2026-01-24	SKU003	Electronics	Sony	16	0	11	2026-01-01	18	650
2026-01-24	SKU004	Fashion	Nike	40	0	21	2026-01-01	7	180
2026-01-24	SKU005	Fashion	Puma	55	0	18	2026-01-01	10	150
2026-01-24	SKU006	Fashion	Adidas	112	0	18	2026-01-01	12	160
2026-01-24	SKU007	Home	IKEA	0	0	12	2026-01-01	16	300
2026-01-24	SKU008	Home	HomeCentre	74	0	17	2026-01-01	8	250
2026-01-24	SKU009	Beauty	Loreal	696	0	41	2026-01-22	5	60
2026-01-24	SKU010	Beauty	Maybelline	10	0	33	2026-01-01	6	45
2026-01-25	SKU001	Electronics	Apple	60	0	7	2026-01-01	21	1200
2026-01-25	SKU002	Electronics	Samsung	60	0	12	2026-01-01	14	800
2026-01-25	SKU003	Electronics	Sony	56	0	6	2026-01-01	18	650
2026-01-25	SKU004	Fashion	Nike	44	0	17	2026-01-01	7	180
2026-01-25	SKU005	Fashion	Puma	0	0	14	2026-01-01	10	150
2026-01-25	SKU006	Fashion	Adidas	48	0	20	2026-01-01	12	160
2026-01-25	SKU007	Home	IKEA	36	0	11	2026-01-01	16	300
2026-01-25	SKU008	Home	HomeCentre	0	0	15	2026-01-01	8	250
2026-01-25	SKU009	Beauty	Loreal	654	0	38	2026-01-22	5	60
2026-01-25	SKU010	Beauty	Maybelline	680	0	35	2026-01-25	6	45
2026-01-26	SKU001	Electronics	Apple	30	0	3	2026-01-01	21	1200
2026-01-26	SKU002	Electronics	Samsung	100	0	11	2026-01-01	14	800
2026-01-26	SKU003	Electronics	Sony	0	0	6	2026-01-01	18	650
2026-01-26	SKU004	Fashion	Nike	50	0	18	2026-01-01	7	180
2026-01-26	SKU005	Fashion	Puma	50	0	18	2026-01-01	10	150
2026-01-26	SKU006	Fashion	Adidas	80	0	18	2026-01-01	12	160
2026-01-26	SKU007	Home	IKEA	0	0	10	2026-01-01	16	300
2026-01-26	SKU008	Home	HomeCentre	50	0	17	2026-01-01	8	250
2026-01-26	SKU009	Beauty	Loreal	612	0	42	2026-01-22	5	60
2026-01-26	SKU010	Beauty	Maybelline	650	0	33	2026-01-25	6	45
2026-01-27	SKU001	Electronics	Apple	24	0	3	2026-01-01	21	1200
2026-01-27	SKU002	Electronics	Samsung	0	0	9	2026-01-01	14	800
2026-01-27	SKU003	Electronics	Sony	0	0	9	2026-01-01	18	650
2026-01-27	SKU004	Fashion	Nike	0	0	22	2026-01-01	7	180
2026-01-27	SKU005	Fashion	Puma	0	0	18	2026-01-01	10	150
2026-01-27	SKU006	Fashion	Adidas	12	0	15	2026-01-01	12	160
2026-01-27	SKU007	Home	IKEA	0	0	12	2026-01-01	16	300
2026-01-27	SKU008	Home	HomeCentre	0	0	13	2026-01-01	8	250
2026-01-27	SKU009	Beauty	Loreal	580	0	41	2026-01-22	5	60
2026-01-27	SKU010	Beauty	Maybelline	614	0	33	2026-01-25	6	45
2026-01-28	SKU001	Electronics	Apple	72	0	4	2026-01-01	21	1200
2026-01-28	SKU002	Electronics	Samsung	84	0	12	2026-01-01	14	800
2026-01-28	SKU003	Electronics	Sony	0	0	6	2026-01-01	18	650
2026-01-28	SKU004	Fashion	Nike	480	0	18	2026-01-28	7	180
2026-01-28	SKU005	Fashion	Puma	0	0	19	2026-01-01	10	150
2026-01-28	SKU006	Fashion	Adidas	0	0	17	2026-01-01	12	160
2026-01-28	SKU007	Home	IKEA	0	0	11	2026-01-01	16	300
2026-01-28	SKU008	Home	HomeCentre	26	0	13	2026-01-01	8	250
2026-01-28	SKU009	Beauty	Loreal	528	0	38	2026-01-22	5	60
2026-01-28	SKU010	Beauty	Maybelline	584	0	31	2026-01-25	6	45
2026-01-29	SKU001	Electronics	Apple	40	0	6	2026-01-01	21	1200
2026-01-29	SKU002	Electronics	Samsung	0	0	7	2026-01-01	14	800
2026-01-29	SKU003	Electronics	Sony	0	0	11	2026-01-01	18	650
2026-01-29	SKU004	Fashion	Nike	458	0	19	2026-01-28	7	180
2026-01-29	SKU005	Fashion	Puma	0	0	17	2026-01-01	10	150
2026-01-29	SKU006	Fashion	Adidas	0	0	16	2026-01-01	12	160
2026-01-29	SKU007	Home	IKEA	0	0	14	2026-01-01	16	300
2026-01-29	SKU008	Home	HomeCentre	0	0	12	2026-01-01	8	250
2026-01-29	SKU009	Beauty	Loreal	514	0	37	2026-01-22	5	60
2026-01-29	SKU010	Beauty	Maybelline	560	0	30	2026-01-25	6	45
2026-01-30	SKU001	Electronics	Apple	64	0	6	2026-01-01	21	1200
2026-01-30	SKU002	Electronics	Samsung	10	0	9	2026-01-01	14	800
2026-01-30	SKU003	Electronics	Sony	0	0	11	2026-01-01	18	650
2026-01-30	SKU004	Fashion	Nike	440	0	18	2026-01-28	7	180
2026-01-30	SKU005	Fashion	Puma	0	0	16	2026-01-01	10	150
2026-01-30	SKU006	Fashion	Adidas	0	0	21	2026-01-01	12	160
2026-01-30	SKU007	Home	IKEA	0	0	12	2026-01-01	16	300
2026-01-30	SKU008	Home	HomeCentre	0	0	11	2026-01-01	8	250
2026-01-30	SKU009	Beauty	Loreal	460	0	41	2026-01-22	5	60
2026-01-30	SKU010	Beauty	Maybelline	530	0	33	2026-01-25	6	45
2026-01-31	SKU001	Electronics	Apple	0	0	4	2026-01-01	21	1200
2026-01-31	SKU002	Electronics	Samsung	60	0	13	2026-01-01	14	800
2026-01-31	SKU003	Electronics	Sony	0	0	7	2026-01-01	18	650
2026-01-31	SKU004	Fashion	Nike	420	0	18	2026-01-28	7	180
2026-01-31	SKU005	Fashion	Puma	0	0	14	2026-01-01	10	150
2026-01-31	SKU006	Fashion	Adidas	0	0	15	2026-01-01	12	160
2026-01-31	SKU007	Home	IKEA	0	0	12	2026-01-01	16	300
2026-01-31	SKU008	Home	HomeCentre	0	0	16	2026-01-01	8	250
2026-01-31	SKU009	Beauty	Loreal	402	0	39	2026-01-22	5	60
2026-01-31	SKU010	Beauty	Maybelline	488	0	30	2026-01-25	6	45
2026-02-01	SKU001	Electronics	Apple	0	0	7	2026-01-01	21	1200
2026-02-01	SKU002	Electronics	Samsung	21	0	13	2026-01-01	14	800
2026-02-01	SKU003	Electronics	Sony	190	0	5	2026-02-01	18	650
2026-02-01	SKU004	Fashion	Nike	408	0	22	2026-01-28	7	180
2026-02-01	SKU005	Fashion	Puma	0	0	19	2026-01-01	10	150
2026-02-01	SKU006	Fashion	Adidas	0	0	18	2026-01-01	12	160
2026-02-01	SKU007	Home	IKEA	0	0	10	2026-01-01	16	300
2026-02-01	SKU008	Home	HomeCentre	0	0	17	2026-01-01	8	250
2026-02-01	SKU009	Beauty	Loreal	360	0	40	2026-01-22	5	60
2026-02-01	SKU010	Beauty	Maybelline	463	0	30	2026-01-25	6	45
2026-02-02	SKU001	Electronics	Apple	0	0	6	2026-01-01	21	1200
2026-02-02	SKU002	Electronics	Samsung	12	0	9	2026-01-01	14	800
2026-02-02	SKU003	Electronics	Sony	180	0	8	2026-02-01	18	650
2026-02-02	SKU004	Fashion	Nike	370	0	17	2026-01-28	7	180
2026-02-02	SKU005	Fashion	Puma	0	0	14	2026-01-01	10	150
2026-02-02	SKU006	Fashion	Adidas	0	0	16	2026-01-01	12	160
2026-02-02	SKU007	Home	IKEA	0	0	15	2026-01-01	16	300
2026-02-02	SKU008	Home	HomeCentre	0	0	17	2026-01-01	8	250
2026-02-02	SKU009	Beauty	Loreal	329	0	41	2026-01-22	5	60
2026-02-02	SKU010	Beauty	Maybelline	432	0	35	2026-01-25	6	45
2026-02-03	SKU001	Electronics	Apple	15	0	9	2026-01-01	21	1200
2026-02-03	SKU002	Electronics	Samsung	36	0	11	2026-01-01	14	800
2026-02-03	SKU003	Electronics	Sony	178	0	8	2026-02-01	18	650
2026-02-03	SKU004	Fashion	Nike	366	0	17	2026-01-28	7	180
2026-02-03	SKU005	Fashion	Puma	0	0	18	2026-01-01	10	150
2026-02-03	SKU006	Fashion	Adidas	0	0	16	2026-01-01	12	160
2026-02-03	SKU007	Home	IKEA	0	0	11	2026-01-01	16	300
2026-02-03	SKU008	Home	HomeCentre	0	0	15	2026-01-01	8	250
2026-02-03	SKU009	Beauty	Loreal	312	0	37	2026-01-22	5	60
2026-02-03	SKU010	Beauty	Maybelline	374	0	31	2026-01-25	6	45
2026-02-04	SKU001	Electronics	Apple	0	0	5	2026-01-01	21	1200
2026-02-04	SKU002	Electronics	Samsung	28	0	9	2026-01-01	14	800
2026-02-04	SKU003	Electronics	Sony	160	0	5	2026-02-01	18	650
2026-02-04	SKU004	Fashion	Nike	333	0	17	2026-01-28	7	180
2026-02-04	SKU005	Fashion	Puma	0	0	15	2026-01-01	10	150
2026-02-04	SKU006	Fashion	Adidas	0	0	15	2026-01-01	12	160
2026-02-04	SKU007	Home	IKEA	0	0	12	2026-01-01	16	300
2026-02-04	SKU008	Home	HomeCentre	0	0	16	2026-01-01	8	250
2026-02-04	SKU009	Beauty	Loreal	234	0	37	2026-01-22	5	60
2026-02-04	SKU010	Beauty	Maybelline	370	0	30	2026-01-25	6	45
2026-02-05	SKU001	Electronics	Apple	0	0	4	2026-01-01	21	1200
2026-02-05	SKU002	Electronics	Samsung	280	0	8	2026-02-05	14	800
2026-02-05	SKU003	Electronics	Sony	166	0	11	2026-02-01	18	650
2026-02-05	SKU004	Fashion	Nike	328	0	23	2026-01-28	7	180
2026-02-05	SKU005	Fashion	Puma	0	0	16	2026-01-01	10	150
2026-02-05	SKU006	Fashion	Adidas	0	0	15	2026-01-01	12	160
2026-02-05	SKU007	Home	IKEA	0	0	10	2026-01-01	16	300
2026-02-05	SKU008	Home	HomeCentre	330	0	12	2026-02-05	8	250
2026-02-05	SKU009	Beauty	Loreal	248	0	38	2026-01-22	5	60
2026-02-05	SKU010	Beauty	Maybelline	328	0	30	2026-01-25	6	45
2026-02-06	SKU001	Electronics	Apple	0	0	8	2026-01-01	21	1200
2026-02-06	SKU002	Electronics	Samsung	268	0	9	2026-02-05	14	800
2026-02-06	SKU003	Electronics	Sony	145	0	10	2026-02-01	18	650
2026-02-06	SKU004	Fashion	Nike	282	0	22	2026-01-28	7	180
2026-02-06	SKU005	Fashion	Puma	0	0	17	2026-01-01	10	150
2026-02-06	SKU006	Fashion	Adidas	0	0	18	2026-01-01	12	160
2026-02-06	SKU007	Home	IKEA	0	0	12	2026-01-01	16	300
2026-02-06	SKU008	Home	HomeCentre	316	0	12	2026-02-05	8	250
2026-02-06	SKU009	Beauty	Loreal	195	0	41	2026-01-22	5	60
2026-02-06	SKU010	Beauty	Maybelline	308	0	31	2026-01-25	6	45
2026-02-07	SKU001	Electronics	Apple	0	0	9	2026-01-01	21	1200
2026-02-07	SKU002	Electronics	Samsung	262	0	11	2026-02-05	14	800
2026-02-07	SKU003	Electronics	Sony	142	0	11	2026-02-01	18	650
2026-02-07	SKU004	Fashion	Nike	260	0	19	2026-01-28	7	180
2026-02-07	SKU005	Fashion	Puma	0	0	17	2026-01-01	10	150
2026-02-07	SKU006	Fashion	Adidas	0	0	17	2026-01-01	12	160
2026-02-07	SKU007	Home	IKEA	0	0	11	2026-01-01	16	300
2026-02-07	SKU008	Home	HomeCentre	298	0	15	2026-02-05	8	250
2026-02-07	SKU009	Beauty	Loreal	140	0	41	2026-01-22	5	60
2026-02-07	SKU010	Beauty	Maybelline	251	0	32	2026-01-25	6	45
2026-02-08	SKU001	Electronics	Apple	0	0	5	2026-01-01	21	1200
2026-02-08	SKU002	Electronics	Samsung	250	0	11	2026-02-05	14	800
2026-02-08	SKU003	Electronics	Sony	127	0	5	2026-02-01	18	650
2026-02-08	SKU004	Fashion	Nike	260	0	17	2026-01-28	7	180
2026-02-08	SKU005	Fashion	Puma	0	0	17	2026-01-01	10	150
2026-02-08	SKU006	Fashion	Adidas	460	0	16	2026-02-08	12	160
2026-02-08	SKU007	Home	IKEA	0	0	15	2026-01-01	16	300
2026-02-08	SKU008	Home	HomeCentre	291	0	15	2026-02-05	8	250
2026-02-08	SKU009	Beauty	Loreal	134	0	42	2026-01-22	5	60
2026-02-08	SKU010	Beauty	Maybelline	218	0	34	2026-01-25	6	45
2026-02-09	SKU001	Electronics	Apple	24	0	6	2026-01-01	21	1200
2026-02-09	SKU002	Electronics	Samsung	244	0	13	2026-02-05	14	800
2026-02-09	SKU003	Electronics	Sony	142	0	5	2026-02-01	18	650
2026-02-09	SKU004	Fashion	Nike	228	0	23	2026-01-28	7	180
2026-02-09	SKU005	Fashion	Puma	0	0	15	2026-01-01	10	150
2026-02-09	SKU006	Fashion	Adidas	444	0	17	2026-02-08	12	160
2026-02-09	SKU007	Home	IKEA	0	0	15	2026-01-01	16	300
2026-02-09	SKU008	Home	HomeCentre	270	0	14	2026-02-05	8	250
2026-02-09	SKU009	Beauty	Loreal	96	0	37	2026-01-22	5	60
2026-02-09	SKU010	Beauty	Maybelline	215	0	35	2026-01-25	6	45
2026-02-10	SKU001	Electronics	Apple	20	0	6	2026-01-01	21	1200
2026-02-10	SKU002	Electronics	Samsung	230	0	9	2026-02-05	14	800
2026-02-10	SKU003	Electronics	Sony	100	0	11	2026-02-01	18	650
2026-02-10	SKU004	Fashion	Nike	233	0	22	2026-01-28	7	180
2026-02-10	SKU005	Fashion	Puma	380	0	16	2026-02-10	10	150
2026-02-10	SKU006	Fashion	Adidas	422	0	19	2026-02-08	12	160
2026-02-10	SKU007	Home	IKEA	0	0	15	2026-01-01	16	300
2026-02-10	SKU008	Home	HomeCentre	265	0	12	2026-02-05	8	250
2026-02-10	SKU009	Beauty	Loreal	20	0	40	2026-01-22	5	60
2026-02-10	SKU010	Beauty	Maybelline	152	0	32	2026-01-25	6	45
2026-02-11	SKU001	Electronics	Apple	0	0	5	2026-01-01	21	1200
2026-02-11	SKU002	Electronics	Samsung	214	0	13	2026-02-05	14	800
2026-02-11	SKU003	Electronics	Sony	90	0	7	2026-02-01	18	650
2026-02-11	SKU004	Fashion	Nike	172	0	17	2026-01-28	7	180
2026-02-11	SKU005	Fashion	Puma	366	0	15	2026-02-10	10	150
2026-02-11	SKU006	Fashion	Adidas	412	0	20	2026-02-08	12	160
2026-02-11	SKU007	Home	IKEA	0	0	14	2026-01-01	16	300
2026-02-11	SKU008	Home	HomeCentre	252	0	12	2026-02-05	8	250
2026-02-11	SKU009	Beauty	Loreal	20	0	39	2026-01-22	5	60
2026-02-11	SKU010	Beauty	Maybelline	119	0	31	2026-01-25	6	45
2026-02-12	SKU001	Electronics	Apple	160	0	3	2026-02-12	21	1200
2026-02-12	SKU002	Electronics	Samsung	217	0	11	2026-02-05	14	800
2026-02-12	SKU003	Electronics	Sony	80	0	6	2026-02-01	18	650
2026-02-12	SKU004	Fashion	Nike	210	0	22	2026-01-28	7	180
2026-02-12	SKU005	Fashion	Puma	346	0	14	2026-02-10	10	150
2026-02-12	SKU006	Fashion	Adidas	388	0	16	2026-02-08	12	160
2026-02-12	SKU007	Home	IKEA	0	0	11	2026-01-01	16	300
2026-02-12	SKU008	Home	HomeCentre	246	0	13	2026-02-05	8	250
2026-02-12	SKU009	Beauty	Loreal	0	0	42	2026-01-22	5	60
2026-02-12	SKU010	Beauty	Maybelline	140	0	35	2026-01-25	6	45
2026-02-13	SKU001	Electronics	Apple	153	0	8	2026-02-12	21	1200
2026-02-13	SKU002	Electronics	Samsung	200	0	12	2026-02-05	14	800
2026-02-13	SKU003	Electronics	Sony	82	0	8	2026-02-01	18	650
2026-02-13	SKU004	Fashion	Nike	144	0	18	2026-01-28	7	180
2026-02-13	SKU005	Fashion	Puma	338	0	15	2026-02-10	10	150
2026-02-13	SKU006	Fashion	Adidas	380	0	17	2026-02-08	12	160
2026-02-13	SKU007	Home	IKEA	0	0	11	2026-01-01	16	300
2026-02-13	SKU008	Home	HomeCentre	210	0	12	2026-02-05	8	250
2026-02-13	SKU009	Beauty	Loreal	0	0	43	2026-01-22	5	60
2026-02-13	SKU010	Beauty	Maybelline	53	0	30	2026-01-25	6	45
2026-02-14	SKU001	Electronics	Apple	144	0	3	2026-02-12	21	1200
2026-02-14	SKU002	Electronics	Samsung	172	0	8	2026-02-05	14	800
2026-02-14	SKU003	Electronics	Sony	99	0	9	2026-02-01	18	650
2026-02-14	SKU004	Fashion	Nike	123	0	23	2026-01-28	7	180
2026-02-14	SKU005	Fashion	Puma	316	0	18	2026-02-10	10	150
2026-02-14	SKU006	Fashion	Adidas	358	0	16	2026-02-08	12	160
2026-02-14	SKU007	Home	IKEA	0	0	13	2026-01-01	16	300
2026-02-14	SKU008	Home	HomeCentre	195	0	16	2026-02-05	8	250
2026-02-14	SKU009	Beauty	Loreal	0	0	42	2026-01-22	5	60
2026-02-14	SKU010	Beauty	Maybelline	80	0	30	2026-01-25	6	45
2026-02-15	SKU001	Electronics	Apple	145	0	6	2026-02-12	21	1200
2026-02-15	SKU002	Electronics	Samsung	180	0	9	2026-02-05	14	800
2026-02-15	SKU003	Electronics	Sony	106	0	11	2026-02-01	18	650
2026-02-15	SKU004	Fashion	Nike	138	0	19	2026-01-28	7	180
2026-02-15	SKU005	Fashion	Puma	305	0	14	2026-02-10	10	150
2026-02-15	SKU006	Fashion	Adidas	334	0	18	2026-02-08	12	160
2026-02-15	SKU007	Home	IKEA	280	0	12	2026-02-15	16	300
2026-02-15	SKU008	Home	HomeCentre	200	0	12	2026-02-05	8	250
2026-02-15	SKU009	Beauty	Loreal	760	0	39	2026-02-15	5	60
2026-02-15	SKU010	Beauty	Maybelline	0	0	35	2026-01-25	6	45
2026-02-16	SKU001	Electronics	Apple	132	0	9	2026-02-12	21	1200
2026-02-16	SKU002	Electronics	Samsung	170	0	12	2026-02-05	14	800
2026-02-16	SKU003	Electronics	Sony	100	0	10	2026-02-01	18	650
2026-02-16	SKU004	Fashion	Nike	100	0	20	2026-01-28	7	180
2026-02-16	SKU005	Fashion	Puma	284	0	19	2026-02-10	10	150
2026-02-16	SKU006	Fashion	Adidas	324	0	17	2026-02-08	12	160
2026-02-16	SKU007	Home	IKEA	267	0	14	2026-02-15	16	300
2026-02-16	SKU008	Home	HomeCentre	187	0	17	2026-02-05	8	250
2026-02-16	SKU009	Beauty	Loreal	718	0	43	2026-02-15	5	60
2026-02-16	SKU010	Beauty	Maybelline	20	0	32	2026-01-25	6	45
2026-02-17	SKU001	Electronics	Apple	135	0	5	2026-02-12	21	1200
2026-02-17	SKU002	Electronics	Samsung	172	0	9	2026-02-05	14	800
2026-02-17	SKU003	Electronics	Sony	62	0	11	2026-02-01	18	650
2026-02-17	SKU004	Fashion	Nike	100	0	20	2026-01-28	7	180
2026-02-17	SKU005	Fashion	Puma	282	0	17	2026-02-10	10	150
2026-02-17	SKU006	Fashion	Adidas	289	0	20	2026-02-08	12	160
2026-02-17	SKU007	Home	IKEA	258	0	14	2026-02-15	16	300
2026-02-17	SKU008	Home	HomeCentre	150	0	11	2026-02-05	8	250
2026-02-17	SKU009	Beauty	Loreal	676	0	42	2026-02-15	5	60
2026-02-17	SKU010	Beauty	Maybelline	0	0	29	2026-01-25	6	45
2026-02-18	SKU001	Electronics	Apple	124	0	6	2026-02-12	21	1200
2026-02-18	SKU002	Electronics	Samsung	150	0	7	2026-02-05	14	800
2026-02-18	SKU003	Electronics	Sony	20	0	9	2026-02-01	18	650
2026-02-18	SKU004	Fashion	Nike	39	0	19	2026-01-28	7	180
2026-02-18	SKU005	Fashion	Puma	260	0	18	2026-02-10	10	150
2026-02-18	SKU006	Fashion	Adidas	300	0	18	2026-02-08	12	160
2026-02-18	SKU007	Home	IKEA	241	0	13	2026-02-15	16	300
2026-02-18	SKU008	Home	HomeCentre	174	0	16	2026-02-05	8	250
2026-02-18	SKU009	Beauty	Loreal	646	0	42	2026-02-15	5	60
2026-02-18	SKU010	Beauty	Maybelline	0	0	35	2026-01-25	6	45
2026-02-19	SKU001	Electronics	Apple	132	0	7	2026-02-12	21	1200
2026-02-19	SKU002	Electronics	Samsung	168	0	13	2026-02-05	14	800
2026-02-19	SKU003	Electronics	Sony	10	0	8	2026-02-01	18	650
2026-02-19	SKU004	Fashion	Nike	84	0	18	2026-01-28	7	180
2026-02-19	SKU005	Fashion	Puma	236	0	16	2026-02-10	10	150
2026-02-19	SKU006	Fashion	Adidas	284	0	19	2026-02-08	12	160
2026-02-19	SKU007	Home	IKEA	224	0	13	2026-02-15	16	300
2026-02-19	SKU008	Home	HomeCentre	148	0	12	2026-02-05	8	250
2026-02-19	SKU009	Beauty	Loreal	592	0	42	2026-02-15	5	60
2026-02-19	SKU010	Beauty	Maybelline	0	0	35	2026-01-25	6	45
2026-02-20	SKU001	Electronics	Apple	112	0	6	2026-02-12	21	1200
2026-02-20	SKU002	Electronics	Samsung	160	0	9	2026-02-05	14	800
2026-02-20	SKU003	Electronics	Sony	57	0	11	2026-02-01	18	650
2026-02-20	SKU004	Fashion	Nike	43	0	23	2026-01-28	7	180
2026-02-20	SKU005	Fashion	Puma	210	0	15	2026-02-10	10	150
2026-02-20	SKU006	Fashion	Adidas	256	0	16	2026-02-08	12	160
2026-02-20	SKU007	Home	IKEA	230	0	15	2026-02-15	16	300
2026-02-20	SKU008	Home	HomeCentre	150	0	11	2026-02-05	8	250
2026-02-20	SKU009	Beauty	Loreal	565	0	43	2026-02-15	5	60
2026-02-20	SKU010	Beauty	Maybelline	660	0	31	2026-02-20	6	45
2026-02-21	SKU001	Electronics	Apple	97	0	5	2026-02-12	21	1200
2026-02-21	SKU002	Electronics	Samsung	104	0	10	2026-02-05	14	800
2026-02-21	SKU003	Electronics	Sony	50	0	9	2026-02-01	18	650
2026-02-21	SKU004	Fashion	Nike	48	0	21	2026-01-28	7	180
2026-02-21	SKU005	Fashion	Puma	193	0	19	2026-02-10	10	150
2026-02-21	SKU006	Fashion	Adidas	252	0	16	2026-02-08	12	160
2026-02-21	SKU007	Home	IKEA	202	0	12	2026-02-15	16	300
2026-02-21	SKU008	Home	HomeCentre	74	0	15	2026-02-05	8	250
2026-02-21	SKU009	Beauty	Loreal	526	0	42	2026-02-15	5	60
2026-02-21	SKU010	Beauty	Maybelline	629	0	29	2026-02-20	6	45
2026-02-22	SKU001	Electronics	Apple	80	0	5	2026-02-12	21	1200
2026-02-22	SKU002	Electronics	Samsung	110	0	10	2026-02-05	14	800
2026-02-22	SKU003	Electronics	Sony	43	0	6	2026-02-01	18	650
2026-02-22	SKU004	Fashion	Nike	30	0	23	2026-01-28	7	180
2026-02-22	SKU005	Fashion	Puma	164	0	18	2026-02-10	10	150
2026-02-22	SKU006	Fashion	Adidas	222	0	18	2026-02-08	12	160
2026-02-22	SKU007	Home	IKEA	182	0	14	2026-02-15	16	300
2026-02-22	SKU008	Home	HomeCentre	75	0	15	2026-02-05	8	250
2026-02-22	SKU009	Beauty	Loreal	494	0	41	2026-02-15	5	60
2026-02-22	SKU010	Beauty	Maybelline	600	0	31	2026-02-20	6	45
2026-02-23	SKU001	Electronics	Apple	83	0	4	2026-02-12	21	1200
2026-02-23	SKU002	Electronics	Samsung	136	0	13	2026-02-05	14	800
2026-02-23	SKU003	Electronics	Sony	36	0	6	2026-02-01	18	650
2026-02-23	SKU004	Fashion	Nike	0	0	17	2026-01-28	7	180
2026-02-23	SKU005	Fashion	Puma	198	0	13	2026-02-10	10	150
2026-02-23	SKU006	Fashion	Adidas	175	0	20	2026-02-08	12	160
2026-02-23	SKU007	Home	IKEA	176	0	13	2026-02-15	16	300
2026-02-23	SKU008	Home	HomeCentre	78	0	16	2026-02-05	8	250
2026-02-23	SKU009	Beauty	Loreal	440	0	38	2026-02-15	5	60
2026-02-23	SKU010	Beauty	Maybelline	570	0	34	2026-02-20	6	45
2026-02-24	SKU001	Electronics	Apple	100	0	7	2026-02-12	21	1200
2026-02-24	SKU002	Electronics	Samsung	109	0	11	2026-02-05	14	800
2026-02-24	SKU003	Electronics	Sony	0	0	7	2026-02-01	18	650
2026-02-24	SKU004	Fashion	Nike	0	0	19	2026-01-28	7	180
2026-02-24	SKU005	Fashion	Puma	170	0	18	2026-02-10	10	150
2026-02-24	SKU006	Fashion	Adidas	188	0	20	2026-02-08	12	160
2026-02-24	SKU007	Home	IKEA	190	0	9	2026-02-15	16	300
2026-02-24	SKU008	Home	HomeCentre	102	0	17	2026-02-05	8	250
2026-02-24	SKU009	Beauty	Loreal	391	0	37	2026-02-15	5	60
2026-02-24	SKU010	Beauty	Maybelline	524	0	32	2026-02-20	6	45
2026-02-25	SKU001	Electronics	Apple	56	0	3	2026-02-12	21	1200
2026-02-25	SKU002	Electronics	Samsung	60	0	8	2026-02-05	14	800
2026-02-25	SKU003	Electronics	Sony	22	0	8	2026-02-01	18	650
2026-02-25	SKU004	Fashion	Nike	460	0	20	2026-02-25	7	180
2026-02-25	SKU005	Fashion	Puma	140	0	17	2026-02-10	10	150
2026-02-25	SKU006	Fashion	Adidas	171	0	16	2026-02-08	12	160
2026-02-25	SKU007	Home	IKEA	180	0	14	2026-02-15	16	300
2026-02-25	SKU008	Home	HomeCentre	50	0	15	2026-02-05	8	250
2026-02-25	SKU009	Beauty	Loreal	380	0	43	2026-02-15	5	60
2026-02-25	SKU010	Beauty	Maybelline	510	0	32	2026-02-20	6	45
2026-02-26	SKU001	Electronics	Apple	48	0	7	2026-02-12	21	1200
2026-02-26	SKU002	Electronics	Samsung	91	0	12	2026-02-05	14	800
2026-02-26	SKU003	Electronics	Sony	40	0	10	2026-02-01	18	650
2026-02-26	SKU004	Fashion	Nike	440	0	22	2026-02-25	7	180
2026-02-26	SKU005	Fashion	Puma	140	0	13	2026-02-10	10	150
2026-02-26	SKU006	Fashion	Adidas	118	0	16	2026-02-08	12	160
2026-02-26	SKU007	Home	IKEA	148	0	9	2026-02-15	16	300
2026-02-26	SKU008	Home	HomeCentre	36	0	11	2026-02-05	8	250
2026-02-26	SKU009	Beauty	Loreal	320	0	40	2026-02-15	5	60
2026-02-26	SKU010	Beauty	Maybelline	468	0	35	2026-02-20	6	45
2026-02-27	SKU001	Electronics	Apple	40	0	5	2026-02-12	21	1200
2026-02-27	SKU002	Electronics	Samsung	104	0	11	2026-02-05	14	800
2026-02-27	SKU003	Electronics	Sony	34	0	7	2026-02-01	18	650
2026-02-27	SKU004	Fashion	Nike	416	0	18	2026-02-25	7	180
2026-02-27	SKU005	Fashion	Puma	74	0	17	2026-02-10	10	150
2026-02-27	SKU006	Fashion	Adidas	118	0	17	2026-02-08	12	160
2026-02-27	SKU007	Home	IKEA	136	0	15	2026-02-15	16	300
2026-02-27	SKU008	Home	HomeCentre	44	0	13	2026-02-05	8	250
2026-02-27	SKU009	Beauty	Loreal	280	0	42	2026-02-15	5	60
2026-02-27	SKU010	Beauty	Maybelline	429	0	32	2026-02-20	6	45
2026-02-28	SKU001	Electronics	Apple	64	0	9	2026-02-12	21	1200
2026-02-28	SKU002	Electronics	Samsung	50	0	11	2026-02-05	14	800
2026-02-28	SKU003	Electronics	Sony	0	0	5	2026-02-01	18	650
2026-02-28	SKU004	Fashion	Nike	400	0	23	2026-02-25	7	180
2026-02-28	SKU005	Fashion	Puma	74	0	13	2026-02-10	10	150
2026-02-28	SKU006	Fashion	Adidas	120	0	16	2026-02-08	12	160
2026-02-28	SKU007	Home	IKEA	137	0	15	2026-02-15	16	300
2026-02-28	SKU008	Home	HomeCentre	54	0	17	2026-02-05	8	250
2026-02-28	SKU009	Beauty	Loreal	240	0	39	2026-02-15	5	60
2026-02-28	SKU010	Beauty	Maybelline	412	0	32	2026-02-20	6	45
2026-03-01	SKU001	Electronics	Apple	58	0	5	2026-02-12	21	1200
2026-03-01	SKU002	Electronics	Samsung	0	0	12	2026-02-05	14	800
2026-03-01	SKU003	Electronics	Sony	180	0	5	2026-03-01	18	650
2026-03-01	SKU004	Fashion	Nike	384	0	22	2026-02-25	7	180
2026-03-01	SKU005	Fashion	Puma	76	0	13	2026-02-10	10	150
2026-03-01	SKU006	Fashion	Adidas	124	0	20	2026-02-08	12	160
2026-03-01	SKU007	Home	IKEA	84	0	11	2026-02-15	16	300
2026-03-01	SKU008	Home	HomeCentre	0	0	11	2026-02-05	8	250
2026-03-01	SKU009	Beauty	Loreal	172	0	39	2026-02-15	5	60
2026-03-01	SKU010	Beauty	Maybelline	390	0	31	2026-02-20	6	45
2026-03-02	SKU001	Electronics	Apple	34	0	7	2026-02-12	21	1200
2026-03-02	SKU002	Electronics	Samsung	80	0	10	2026-02-05	14	800
2026-03-02	SKU003	Electronics	Sony	170	0	6	2026-03-01	18	650
2026-03-02	SKU004	Fashion	Nike	355	0	17	2026-02-25	7	180
2026-03-02	SKU005	Fashion	Puma	100	0	16	2026-02-10	10	150
2026-03-02	SKU006	Fashion	Adidas	108	0	20	2026-02-08	12	160
2026-03-02	SKU007	Home	IKEA	115	0	13	2026-02-15	16	300
2026-03-02	SKU008	Home	HomeCentre	0	0	12	2026-02-05	8	250
2026-03-02	SKU009	Beauty	Loreal	175	0	39	2026-02-15	5	60
2026-03-02	SKU010	Beauty	Maybelline	350	0	30	2026-02-20	6	45
2026-03-03	SKU001	Electronics	Apple	27	0	6	2026-02-12	21	1200
2026-03-03	SKU002	Electronics	Samsung	72	0	9	2026-02-05	14	800
2026-03-03	SKU003	Electronics	Sony	160	0	6	2026-03-01	18	650
2026-03-03	SKU004	Fashion	Nike	328	0	20	2026-02-25	7	180
2026-03-03	SKU005	Fashion	Puma	86	0	17	2026-02-10	10	150
2026-03-03	SKU006	Fashion	Adidas	46	0	19	2026-02-08	12	160
2026-03-03	SKU007	Home	IKEA	120	0	9	2026-02-15	16	300
2026-03-03	SKU008	Home	HomeCentre	0	0	16	2026-02-05	8	250
2026-03-03	SKU009	Beauty	Loreal	104	0	40	2026-02-15	5	60
2026-03-03	SKU010	Beauty	Maybelline	319	0	32	2026-02-20	6	45
2026-03-04	SKU001	Electronics	Apple	60	0	5	2026-02-12	21	1200
2026-03-04	SKU002	Electronics	Samsung	37	0	7	2026-02-05	14	800
2026-03-04	SKU003	Electronics	Sony	162	0	6	2026-03-01	18	650
2026-03-04	SKU004	Fashion	Nike	313	0	21	2026-02-25	7	180
2026-03-04	SKU005	Fashion	Puma	50	0	17	2026-02-10	10	150
2026-03-04	SKU006	Fashion	Adidas	28	0	16	2026-02-08	12	160
2026-03-04	SKU007	Home	IKEA	110	0	15	2026-02-15	16	300
2026-03-04	SKU008	Home	HomeCentre	0	0	11	2026-02-05	8	250
2026-03-04	SKU009	Beauty	Loreal	97	0	41	2026-02-15	5	60
2026-03-04	SKU010	Beauty	Maybelline	300	0	31	2026-02-20	6	45
2026-03-05	SKU001	Electronics	Apple	0	0	4	2026-02-12	21	1200
2026-03-05	SKU002	Electronics	Samsung	28	0	7	2026-02-05	14	800
2026-03-05	SKU003	Electronics	Sony	140	0	9	2026-03-01	18	650
2026-03-05	SKU004	Fashion	Nike	292	0	22	2026-02-25	7	180
2026-03-05	SKU005	Fashion	Puma	35	0	17	2026-02-10	10	150
2026-03-05	SKU006	Fashion	Adidas	0	0	20	2026-02-08	12	160
2026-03-05	SKU007	Home	IKEA	100	0	13	2026-02-15	16	300
2026-03-05	SKU008	Home	HomeCentre	310	0	14	2026-03-05	8	250
2026-03-05	SKU009	Beauty	Loreal	40	0	39	2026-02-15	5	60
2026-03-05	SKU010	Beauty	Maybelline	231	0	32	2026-02-20	6	45
2026-03-06	SKU001	Electronics	Apple	0	0	9	2026-02-12	21	1200
2026-03-06	SKU002	Electronics	Samsung	19	0	10	2026-02-05	14	800
2026-03-06	SKU003	Electronics	Sony	135	0	7	2026-03-01	18	650
2026-03-06	SKU004	Fashion	Nike	280	0	23	2026-02-25	7	180
2026-03-06	SKU005	Fashion	Puma	0	0	17	2026-02-10	10	150
2026-03-06	SKU006	Fashion	Adidas	44	0	16	2026-02-08	12	160
2026-03-06	SKU007	Home	IKEA	33	0	15	2026-02-15	16	300
2026-03-06	SKU008	Home	HomeCentre	297	0	11	2026-03-05	8	250
2026-03-06	SKU009	Beauty	Loreal	0	0	37	2026-02-15	5	60
2026-03-06	SKU010	Beauty	Maybelline	240	0	33	2026-02-20	6	45
2026-03-07	SKU001	Electronics	Apple	68	0	3	2026-02-12	21	1200
2026-03-07	SKU002	Electronics	Samsung	10	0	13	2026-02-05	14	800
2026-03-07	SKU003	Electronics	Sony	144	0	9	2026-03-01	18	650
2026-03-07	SKU004	Fashion	Nike	250	0	18	2026-02-25	7	180
2026-03-07	SKU005	Fashion	Puma	30	0	17	2026-02-10	10	150
2026-03-07	SKU006	Fashion	Adidas	0	0	17	2026-02-08	12	160
2026-03-07	SKU007	Home	IKEA	40	0	9	2026-02-15	16	300
2026-03-07	SKU008	Home	HomeCentre	280	0	15	2026-03-05	8	250
2026-03-07	SKU009	Beauty	Loreal	0	0	37	2026-02-15	5	60
2026-03-07	SKU010	Beauty	Maybelline	210	0	32	2026-02-20	6	45
2026-03-08	SKU001	Electronics	Apple	16	0	8	2026-02-12	21	1200
2026-03-08	SKU002	Electronics	Samsung	250	0	11	2026-03-08	14	800
2026-03-08	SKU003	Electronics	Sony	110	0	11	2026-03-01	18	650
2026-03-08	SKU004	Fashion	Nike	262	0	23	2026-02-25	7	180
2026-03-08	SKU005	Fashion	Puma	0	0	18	2026-02-10	10	150
2026-03-08	SKU006	Fashion	Adidas	0	0	21	2026-02-08	12	160
2026-03-08	SKU007	Home	IKEA	7	0	9	2026-02-15	16	300
2026-03-08	SKU008	Home	HomeCentre	271	0	12	2026-03-05	8	250
2026-03-08	SKU009	Beauty	Loreal	740	0	37	2026-03-08	5	60
2026-03-08	SKU010	Beauty	Maybelline	180	0	35	2026-02-20	6	45
2026-03-09	SKU001	Electronics	Apple	0	0	6	2026-02-12	21	1200
2026-03-09	SKU002	Electronics	Samsung	240	0	11	2026-03-08	14	800
2026-03-09	SKU003	Electronics	Sony	100	0	7	2026-03-01	18	650
2026-03-09	SKU004	Fashion	Nike	220	0	20	2026-02-25	7	180
2026-03-09	SKU005	Fashion	Puma	0	0	16	2026-02-10	10	150
2026-03-09	SKU006	Fashion	Adidas	0	0	16	2026-02-08	12	160
2026-03-09	SKU007	Home	IKEA	0	0	11	2026-02-15	16	300
2026-03-09	SKU008	Home	HomeCentre	250	0	12	2026-03-05	8	250
2026-03-09	SKU009	Beauty	Loreal	699	0	41	2026-03-08	5	60
2026-03-09	SKU010	Beauty	Maybelline	82	0	29	2026-02-20	6	45
2026-03-10	SKU001	Electronics	Apple	0	0	4	2026-02-12	21	1200
2026-03-10	SKU002	Electronics	Samsung	228	0	13	2026-03-08	14	800
2026-03-10	SKU003	Electronics	Sony	117	0	6	2026-03-01	18	650
2026-03-10	SKU004	Fashion	Nike	187	0	19	2026-02-25	7	180
2026-03-10	SKU005	Fashion	Puma	0	0	13	2026-02-10	10	150
2026-03-10	SKU006	Fashion	Adidas	440	0	20	2026-03-10	12	160
2026-03-10	SKU007	Home	IKEA	4	0	12	2026-02-15	16	300
2026-03-10	SKU008	Home	HomeCentre	245	0	14	2026-03-05	8	250
2026-03-10	SKU009	Beauty	Loreal	660	0	38	2026-03-08	5	60
2026-03-10	SKU010	Beauty	Maybelline	84	0	33	2026-02-20	6	45
2026-03-11	SKU001	Electronics	Apple	0	0	7	2026-02-12	21	1200
2026-03-11	SKU002	Electronics	Samsung	217	0	7	2026-03-08	14	800
2026-03-11	SKU003	Electronics	Sony	90	0	7	2026-03-01	18	650
2026-03-11	SKU004	Fashion	Nike	152	0	18	2026-02-25	7	180
2026-03-11	SKU005	Fashion	Puma	0	0	14	2026-02-10	10	150
2026-03-11	SKU006	Fashion	Adidas	421	0	19	2026-03-10	12	160
2026-03-11	SKU007	Home	IKEA	0	0	9	2026-02-15	16	300
2026-03-11	SKU008	Home	HomeCentre	220	0	15	2026-03-05	8	250
2026-03-11	SKU009	Beauty	Loreal	617	0	38	2026-03-08	5	60
2026-03-11	SKU010	Beauty	Maybelline	71	0	30	2026-02-20	6	45
2026-03-12	SKU001	Electronics	Apple	0	0	3	2026-02-12	21	1200
2026-03-12	SKU002	Electronics	Samsung	202	0	11	2026-03-08	14	800
2026-03-12	SKU003	Electronics	Sony	81	0	5	2026-03-01	18	650
2026-03-12	SKU004	Fashion	Nike	130	0	17	2026-02-25	7	180
2026-03-12	SKU005	Fashion	Puma	0	0	18	2026-02-10	10	150
2026-03-12	SKU006	Fashion	Adidas	404	0	21	2026-03-10	12	160
2026-03-12	SKU007	Home	IKEA	0	0	14	2026-02-15	16	300
2026-03-12	SKU008	Home	HomeCentre	226	0	15	2026-03-05	8	250
2026-03-12	SKU009	Beauty	Loreal	572	0	42	2026-03-08	5	60
2026-03-12	SKU010	Beauty	Maybelline	20	0	35	2026-02-20	6	45
2026-03-13	SKU001	Electronics	Apple	15	0	9	2026-02-12	21	1200
2026-03-13	SKU002	Electronics	Samsung	190	0	8	2026-03-08	14	800
2026-03-13	SKU003	Electronics	Sony	108	0	8	2026-03-01	18	650
2026-03-13	SKU004	Fashion	Nike	156	0	17	2026-02-25	7	180
2026-03-13	SKU005	Fashion	Puma	0	0	13	2026-02-10	10	150
2026-03-13	SKU006	Fashion	Adidas	386	0	16	2026-03-10	12	160
2026-03-13	SKU007	Home	IKEA	0	0	15	2026-02-15	16	300
2026-03-13	SKU008	Home	HomeCentre	214	0	13	2026-03-05	8	250
2026-03-13	SKU009	Beauty	Loreal	545	0	40	2026-03-08	5	60
2026-03-13	SKU010	Beauty	Maybelline	0	0	35	2026-02-20	6	45
2026-03-14	SKU001	Electronics	Apple	10	0	7	2026-02-12	21	1200
2026-03-14	SKU002	Electronics	Samsung	196	0	11	2026-03-08	14	800
2026-03-14	SKU003	Electronics	Sony	63	0	5	2026-03-01	18	650
2026-03-14	SKU004	Fashion	Nike	86	0	22	2026-02-25	7	180
2026-03-14	SKU005	Fashion	Puma	0	0	13	2026-02-10	10	150
2026-03-14	SKU006	Fashion	Adidas	376	0	19	2026-03-10	12	160
2026-03-14	SKU007	Home	IKEA	10	0	9	2026-02-15	16	300
2026-03-14	SKU008	Home	HomeCentre	184	0	11	2026-03-05	8	250
2026-03-14	SKU009	Beauty	Loreal	500	0	43	2026-03-08	5	60
2026-03-14	SKU010	Beauty	Maybelline	0	0	35	2026-02-20	6	45
2026-03-15	SKU001	Electronics	Apple	0	0	6	2026-02-12	21	1200
2026-03-15	SKU002	Electronics	Samsung	173	0	10	2026-03-08	14	800
2026-03-15	SKU003	Electronics	Sony	40	0	10	2026-03-01	18	650
2026-03-15	SKU004	Fashion	Nike	118	0	22	2026-02-25	7	180
2026-03-15	SKU005	Fashion	Puma	350	0	14	2026-03-15	10	150
2026-03-15	SKU006	Fashion	Adidas	345	0	17	2026-03-10	12	160
2026-03-15	SKU007	Home	IKEA	0	0	14	2026-02-15	16	300
2026-03-15	SKU008	Home	HomeCentre	180	0	11	2026-03-05	8	250
2026-03-15	SKU009	Beauty	Loreal	453	0	38	2026-03-08	5	60
2026-03-15	SKU010	Beauty	Maybelline	0	0	35	2026-02-20	6	45
2026-03-16	SKU001	Electronics	Apple	0	0	6	2026-02-12	21	1200
2026-03-16	SKU002	Electronics	Samsung	178	0	12	2026-03-08	14	800
2026-03-16	SKU003	Electronics	Sony	30	0	6	2026-03-01	18	650
2026-03-16	SKU004	Fashion	Nike	61	0	17	2026-02-25	7	180
2026-03-16	SKU005	Fashion	Puma	336	0	13	2026-03-15	10	150
2026-03-16	SKU006	Fashion	Adidas	326	0	20	2026-03-10	12	160
2026-03-16	SKU007	Home	IKEA	0	0	12	2026-02-15	16	300
2026-03-16	SKU008	Home	HomeCentre	145	0	11	2026-03-05	8	250
2026-03-16	SKU009	Beauty	Loreal	412	0	41	2026-03-08	5	60
2026-03-16	SKU010	Beauty	Maybelline	0	0	33	2026-02-20	6	45
2026-03-17	SKU001	Electronics	Apple	28	0	9	2026-02-12	21	1200
2026-03-17	SKU002	Electronics	Samsung	160	0	9	2026-03-08	14	800
2026-03-17	SKU003	Electronics	Sony	84	0	5	2026-03-01	18	650
2026-03-17	SKU004	Fashion	Nike	80	0	19	2026-02-25	7	180
2026-03-17	SKU005	Fashion	Puma	322	0	16	2026-03-15	10	150
2026-03-17	SKU006	Fashion	Adidas	328	0	21	2026-03-10	12	160
2026-03-17	SKU007	Home	IKEA	0	0	12	2026-02-15	16	300
2026-03-17	SKU008	Home	HomeCentre	118	0	13	2026-03-05	8	250
2026-03-17	SKU009	Beauty	Loreal	389	0	40	2026-03-08	5	60
2026-03-17	SKU010	Beauty	Maybelline	0	0	32	2026-02-20	6	45
2026-03-18	SKU001	Electronics	Apple	0	0	9	2026-02-12	21	1200
2026-03-18	SKU002	Electronics	Samsung	170	0	13	2026-03-08	14	800
2026-03-18	SKU003	Electronics	Sony	44	0	11	2026-03-01	18	650
2026-03-18	SKU004	Fashion	Nike	0	0	23	2026-02-25	7	180
2026-03-18	SKU005	Fashion	Puma	305	0	14	2026-03-15	10	150
2026-03-18	SKU006	Fashion	Adidas	304	0	16	2026-03-10	12	160
2026-03-18	SKU007	Home	IKEA	0	0	14	2026-02-15	16	300
2026-03-18	SKU008	Home	HomeCentre	102	0	13	2026-03-05	8	250
2026-03-18	SKU009	Beauty	Loreal	330	0	41	2026-03-08	5	60
2026-03-18	SKU010	Beauty	Maybelline	640	0	31	2026-03-18	6	45
2026-03-19	SKU001	Electronics	Apple	0	0	8	2026-02-12	21	1200
2026-03-19	SKU002	Electronics	Samsung	140	0	7	2026-03-08	14	800
2026-03-19	SKU003	Electronics	Sony	54	0	8	2026-03-01	18	650
2026-03-19	SKU004	Fashion	Nike	42	0	22	2026-02-25	7	180
2026-03-19	SKU005	Fashion	Puma	278	0	19	2026-03-15	10	150
2026-03-19	SKU006	Fashion	Adidas	260	0	19	2026-03-10	12	160
2026-03-19	SKU007	Home	IKEA	0	0	12	2026-02-15	16	300
2026-03-19	SKU008	Home	HomeCentre	86	0	17	2026-03-05	8	250
2026-03-19	SKU009	Beauty	Loreal	289	0	38	2026-03-08	5	60
2026-03-19	SKU010	Beauty	Maybelline	607	0	29	2026-03-18	6	45
2026-03-20	SKU001	Electronics	Apple	140	0	8	2026-03-20	21	1200
2026-03-20	SKU002	Electronics	Samsung	118	0	10	2026-03-08	14	800
2026-03-20	SKU003	Electronics	Sony	28	0	6	2026-03-01	18	650
2026-03-20	SKU004	Fashion	Nike	0	0	18	2026-02-25	7	180
2026-03-20	SKU005	Fashion	Puma	280	0	16	2026-03-15	10	150
2026-03-20	SKU006	Fashion	Adidas	250	0	18	2026-03-10	12	160
2026-03-20	SKU007	Home	IKEA	0	0	13	2026-02-15	16	300
2026-03-20	SKU008	Home	HomeCentre	85	0	12	2026-03-05	8	250
2026-03-20	SKU009	Beauty	Loreal	284	0	40	2026-03-08	5	60
2026-03-20	SKU010	Beauty	Maybelline	578	0	35	2026-03-18	6	45
2026-03-21	SKU001	Electronics	Apple	132	0	8	2026-03-20	21	1200
2026-03-21	SKU002	Electronics	Samsung	146	0	10	2026-03-08	14	800
2026-03-21	SKU003	Electronics	Sony	20	0	6	2026-03-01	18	650
2026-03-21	SKU004	Fashion	Nike	0	0	17	2026-02-25	7	180
2026-03-21	SKU005	Fashion	Puma	248	0	14	2026-03-15	10	150
2026-03-21	SKU006	Fashion	Adidas	231	0	21	2026-03-10	12	160
2026-03-21	SKU007	Home	IKEA	0	0	10	2026-02-15	16	300
2026-03-21	SKU008	Home	HomeCentre	86	0	11	2026-03-05	8	250
2026-03-21	SKU009	Beauty	Loreal	194	0	43	2026-03-08	5	60
2026-03-21	SKU010	Beauty	Maybelline	544	0	32	2026-03-18	6	45
2026-03-22	SKU001	Electronics	Apple	130	0	9	2026-03-20	21	1200
2026-03-22	SKU002	Electronics	Samsung	124	0	9	2026-03-08	14	800
2026-03-22	SKU003	Electronics	Sony	0	0	11	2026-03-01	18	650
2026-03-22	SKU004	Fashion	Nike	0	0	20	2026-02-25	7	180
2026-03-22	SKU005	Fashion	Puma	238	0	16	2026-03-15	10	150
2026-03-22	SKU006	Fashion	Adidas	236	0	16	2026-03-10	12	160
2026-03-22	SKU007	Home	IKEA	260	0	12	2026-03-22	16	300
2026-03-22	SKU008	Home	HomeCentre	72	0	11	2026-03-05	8	250
2026-03-22	SKU009	Beauty	Loreal	208	0	39	2026-03-08	5	60
2026-03-22	SKU010	Beauty	Maybelline	520	0	32	2026-03-18	6	45
2026-03-23	SKU001	Electronics	Apple	119	0	3	2026-03-20	21	1200
2026-03-23	SKU002	Electronics	Samsung	115	0	10	2026-03-08	14	800
2026-03-23	SKU003	Electronics	Sony	26	0	7	2026-03-01	18	650
2026-03-23	SKU004	Fashion	Nike	0	0	17	2026-02-25	7	180
2026-03-23	SKU005	Fashion	Puma	206	0	16	2026-03-15	10	150
2026-03-23	SKU006	Fashion	Adidas	180	0	17	2026-03-10	12	160
2026-03-23	SKU007	Home	IKEA	249	0	9	2026-03-22	16	300
2026-03-23	SKU008	Home	HomeCentre	22	0	14	2026-03-05	8	250
2026-03-23	SKU009	Beauty	Loreal	110	0	43	2026-03-08	5	60
2026-03-23	SKU010	Beauty	Maybelline	470	0	31	2026-03-18	6	45
2026-03-24	SKU001	Electronics	Apple	108	0	4	2026-03-20	21	1200
2026-03-24	SKU002	Electronics	Samsung	106	0	11	2026-03-08	14	800
2026-03-24	SKU003	Electronics	Sony	0	0	7	2026-03-01	18	650
2026-03-24	SKU004	Fashion	Nike	0	0	22	2026-02-25	7	180
2026-03-24	SKU005	Fashion	Puma	215	0	14	2026-03-15	10	150
2026-03-24	SKU006	Fashion	Adidas	216	0	19	2026-03-10	12	160
2026-03-24	SKU007	Home	IKEA	240	0	14	2026-03-22	16	300
2026-03-24	SKU008	Home	HomeCentre	25	0	15	2026-03-05	8	250
2026-03-24	SKU009	Beauty	Loreal	116	0	37	2026-03-08	5	60
2026-03-24	SKU010	Beauty	Maybelline	442	0	30	2026-03-18	6	45
2026-03-25	SKU001	Electronics	Apple	110	0	4	2026-03-20	21	1200
2026-03-25	SKU002	Electronics	Samsung	97	0	10	2026-03-08	14	800
2026-03-25	SKU003	Electronics	Sony	36	0	10	2026-03-01	18	650
2026-03-25	SKU004	Fashion	Nike	440	0	17	2026-03-25	7	180
2026-03-25	SKU005	Fashion	Puma	190	0	15	2026-03-15	10	150
2026-03-25	SKU006	Fashion	Adidas	185	0	21	2026-03-10	12	160
2026-03-25	SKU007	Home	IKEA	221	0	11	2026-03-22	16	300
2026-03-25	SKU008	Home	HomeCentre	70	0	11	2026-03-05	8	250
2026-03-25	SKU009	Beauty	Loreal	77	0	40	2026-03-08	5	60
2026-03-25	SKU010	Beauty	Maybelline	416	0	35	2026-03-18	6	45
2026-03-26	SKU001	Electronics	Apple	98	0	7	2026-03-20	21	1200
2026-03-26	SKU002	Electronics	Samsung	88	0	8	2026-03-08	14	800
2026-03-26	SKU003	Electronics	Sony	30	0	6	2026-03-01	18	650
2026-03-26	SKU004	Fashion	Nike	421	0	21	2026-03-25	7	180
2026-03-26	SKU005	Fashion	Puma	152	0	14	2026-03-15	10	150
2026-03-26	SKU006	Fashion	Adidas	152	0	17	2026-03-10	12	160
2026-03-26	SKU007	Home	IKEA	220	0	10	2026-03-22	16	300
2026-03-26	SKU008	Home	HomeCentre	16	0	16	2026-03-05	8	250
2026-03-26	SKU009	Beauty	Loreal	56	0	40	2026-03-08	5	60
2026-03-26	SKU010	Beauty	Maybelline	376	0	31	2026-03-18	6	45
2026-03-27	SKU001	Electronics	Apple	105	0	6	2026-03-20	21	1200
2026-03-27	SKU002	Electronics	Samsung	98	0	7	2026-03-08	14	800
2026-03-27	SKU003	Electronics	Sony	0	0	9	2026-03-01	18	650
2026-03-27	SKU004	Fashion	Nike	398	0	22	2026-03-25	7	180
2026-03-27	SKU005	Fashion	Puma	134	0	15	2026-03-15	10	150
2026-03-27	SKU006	Fashion	Adidas	168	0	21	2026-03-10	12	160
2026-03-27	SKU007	Home	IKEA	200	0	11	2026-03-22	16	300
2026-03-27	SKU008	Home	HomeCentre	0	0	14	2026-03-05	8	250
2026-03-27	SKU009	Beauty	Loreal	0	0	43	2026-03-08	5	60
2026-03-27	SKU010	Beauty	Maybelline	343	0	31	2026-03-18	6	45
2026-03-28	SKU001	Electronics	Apple	92	0	4	2026-03-20	21	1200
2026-03-28	SKU002	Electronics	Samsung	10	0	12	2026-03-08	14	800
2026-03-28	SKU003	Electronics	Sony	0	0	7	2026-03-01	18	650
2026-03-28	SKU004	Fashion	Nike	383	0	21	2026-03-25	7	180
2026-03-28	SKU005	Fashion	Puma	116	0	16	2026-03-15	10	150
2026-03-28	SKU006	Fashion	Adidas	152	0	16	2026-03-10	12	160
2026-03-28	SKU007	Home	IKEA	188	0	12	2026-03-22	16	300
2026-03-28	SKU008	Home	HomeCentre	34	0	14	2026-03-05	8	250
2026-03-28	SKU009	Beauty	Loreal	0	0	39	2026-03-08	5	60
2026-03-28	SKU010	Beauty	Maybelline	330	0	32	2026-03-18	6	45
2026-03-29	SKU001	Electronics	Apple	68	0	4	2026-03-20	21	1200
2026-03-29	SKU002	Electronics	Samsung	0	0	10	2026-03-08	14	800
2026-03-29	SKU003	Electronics	Sony	0	0	9	2026-03-01	18	650
2026-03-29	SKU004	Fashion	Nike	360	0	17	2026-03-25	7	180
2026-03-29	SKU005	Fashion	Puma	154	0	18	2026-03-15	10	150
2026-03-29	SKU006	Fashion	Adidas	117	0	20	2026-03-10	12	160
2026-03-29	SKU007	Home	IKEA	169	0	13	2026-03-22	16	300
2026-03-29	SKU008	Home	HomeCentre	0	0	13	2026-03-05	8	250
2026-03-29	SKU009	Beauty	Loreal	0	0	39	2026-03-08	5	60
2026-03-29	SKU010	Beauty	Maybelline	266	0	31	2026-03-18	6	45
2026-03-30	SKU001	Electronics	Apple	80	0	7	2026-03-20	21	1200
2026-03-30	SKU002	Electronics	Samsung	52	0	9	2026-03-08	14	800
2026-03-30	SKU003	Electronics	Sony	0	0	9	2026-03-01	18	650
2026-03-30	SKU004	Fashion	Nike	350	0	18	2026-03-25	7	180
2026-03-30	SKU005	Fashion	Puma	95	0	16	2026-03-15	10	150
2026-03-30	SKU006	Fashion	Adidas	60	0	21	2026-03-10	12	160
2026-03-30	SKU007	Home	IKEA	172	0	12	2026-03-22	16	300
2026-03-30	SKU008	Home	HomeCentre	0	0	17	2026-03-05	8	250
2026-03-30	SKU009	Beauty	Loreal	0	0	40	2026-03-08	5	60
2026-03-30	SKU010	Beauty	Maybelline	280	0	35	2026-03-18	6	45
2026-03-31	SKU001	Electronics	Apple	96	0	3	2026-03-20	21	1200
2026-03-31	SKU002	Electronics	Samsung	66	0	13	2026-03-08	14	800
2026-03-31	SKU003	Electronics	Sony	0	0	6	2026-03-01	18	650
2026-03-31	SKU004	Fashion	Nike	332	0	19	2026-03-25	7	180
2026-03-31	SKU005	Fashion	Puma	62	0	13	2026-03-15	10	150
2026-03-31	SKU006	Fashion	Adidas	41	0	19	2026-03-10	12	160
2026-03-31	SKU007	Home	IKEA	161	0	11	2026-03-22	16	300
2026-03-31	SKU008	Home	HomeCentre	0	0	11	2026-03-05	8	250
2026-03-31	SKU009	Beauty	Loreal	0	0	40	2026-03-08	5	60
2026-03-31	SKU010	Beauty	Maybelline	224	0	30	2026-03-18	6	45
2026-04-01	SKU001	Electronics	Apple	92	0	8	2026-03-20	21	1200
2026-04-01	SKU002	Electronics	Samsung	34	0	12	2026-03-08	14	800
2026-04-01	SKU003	Electronics	Sony	0	0	10	2026-03-01	18	650
2026-04-01	SKU004	Fashion	Nike	293	0	19	2026-03-25	7	180
2026-04-01	SKU005	Fashion	Puma	95	0	13	2026-03-15	10	150
2026-04-01	SKU006	Fashion	Adidas	22	0	20	2026-03-10	12	160
2026-04-01	SKU007	Home	IKEA	150	0	10	2026-03-22	16	300
2026-04-01	SKU008	Home	HomeCentre	0	0	14	2026-03-05	8	250
2026-04-01	SKU009	Beauty	Loreal	500	0	38	2026-04-01	5	60
2026-04-01	SKU010	Beauty	Maybelline	220	0	33	2026-03-18	6	45
2026-04-02	SKU001	Electronics	Apple	62	0	5	2026-03-20	21	1200
2026-04-02	SKU002	Electronics	Samsung	0	0	10	2026-03-08	14	800
2026-04-02	SKU003	Electronics	Sony	160	0	9	2026-04-02	18	650
2026-04-02	SKU004	Fashion	Nike	296	0	22	2026-03-25	7	180
2026-04-02	SKU005	Fashion	Puma	44	0	19	2026-03-15	10	150
2026-04-02	SKU006	Fashion	Adidas	72	0	20	2026-03-10	12	160
2026-04-02	SKU007	Home	IKEA	106	0	15	2026-03-22	16	300
2026-04-02	SKU008	Home	HomeCentre	0	0	13	2026-03-05	8	250
2026-04-02	SKU009	Beauty	Loreal	460	0	39	2026-04-01	5	60
2026-04-02	SKU010	Beauty	Maybelline	160	0	31	2026-03-18	6	45
2026-04-03	SKU001	Electronics	Apple	42	0	9	2026-03-20	21	1200
2026-04-03	SKU002	Electronics	Samsung	42	0	8	2026-03-08	14	800
2026-04-03	SKU003	Electronics	Sony	153	0	11	2026-04-02	18	650
2026-04-03	SKU004	Fashion	Nike	278	0	20	2026-03-25	7	180
2026-04-03	SKU005	Fashion	Puma	65	0	18	2026-03-15	10	150
2026-04-03	SKU006	Fashion	Adidas	56	0	19	2026-03-10	12	160
2026-04-03	SKU007	Home	IKEA	104	0	9	2026-03-22	16	300
2026-04-03	SKU008	Home	HomeCentre	0	0	15	2026-03-05	8	250
2026-04-03	SKU009	Beauty	Loreal	422	0	41	2026-04-01	5	60
2026-04-03	SKU010	Beauty	Maybelline	350	0	31	2026-04-03	6	45
2026-04-04	SKU001	Electronics	Apple	20	0	5	2026-03-20	21	1200
2026-04-04	SKU002	Electronics	Samsung	0	0	8	2026-03-08	14	800
2026-04-04	SKU003	Electronics	Sony	148	0	10	2026-04-02	18	650
2026-04-04	SKU004	Fashion	Nike	220	0	22	2026-03-25	7	180
2026-04-04	SKU005	Fashion	Puma	30	0	19	2026-03-15	10	150
2026-04-04	SKU006	Fashion	Adidas	0	0	21	2026-03-10	12	160
2026-04-04	SKU007	Home	IKEA	117	0	10	2026-03-22	16	300
2026-04-04	SKU008	Home	HomeCentre	280	0	16	2026-04-04	8	250
2026-04-04	SKU009	Beauty	Loreal	377	0	40	2026-04-01	5	60
2026-04-04	SKU010	Beauty	Maybelline	320	0	33	2026-04-03	6	45
2026-04-05	SKU001	Electronics	Apple	28	0	5	2026-03-20	21	1200
2026-04-05	SKU002	Electronics	Samsung	220	0	9	2026-04-05	14	800
2026-04-05	SKU003	Electronics	Sony	142	0	6	2026-04-02	18	650
2026-04-05	SKU004	Fashion	Nike	242	0	22	2026-03-25	7	180
2026-04-05	SKU005	Fashion	Puma	35	0	16	2026-03-15	10	150
2026-04-05	SKU006	Fashion	Adidas	0	0	18	2026-03-10	12	160
2026-04-05	SKU007	Home	IKEA	78	270	14	2026-03-22	16	300
2026-04-05	SKU008	Home	HomeCentre	264	0	14	2026-04-04	8	250
2026-04-05	SKU009	Beauty	Loreal	332	0	42	2026-04-01	5	60
2026-04-05	SKU010	Beauty	Maybelline	282	0	31	2026-04-03	6	45
2026-04-06	SKU001	Electronics	Apple	21	0	5	2026-03-20	21	1200
2026-04-06	SKU002	Electronics	Samsung	212	0	7	2026-04-05	14	800
2026-04-06	SKU003	Electronics	Sony	124	0	6	2026-04-02	18	650
2026-04-06	SKU004	Fashion	Nike	212	0	20	2026-03-25	7	180
2026-04-06	SKU005	Fashion	Puma	0	0	13	2026-03-15	10	150
2026-04-06	SKU006	Fashion	Adidas	130	0	21	2026-04-06	12	160
2026-04-06	SKU007	Home	IKEA	65	270	14	2026-03-22	16	300
2026-04-06	SKU008	Home	HomeCentre	250	0	13	2026-04-04	8	250
2026-04-06	SKU009	Beauty	Loreal	300	0	37	2026-04-01	5	60
2026-04-06	SKU010	Beauty	Maybelline	248	0	35	2026-04-03	6	45
2026-04-07	SKU001	Electronics	Apple	0	0	3	2026-03-20	21	1200
2026-04-07	SKU002	Electronics	Samsung	196	0	13	2026-04-05	14	800
2026-04-07	SKU003	Electronics	Sony	130	0	9	2026-04-02	18	650
2026-04-07	SKU004	Fashion	Nike	154	0	17	2026-03-25	7	180
2026-04-07	SKU005	Fashion	Puma	28	0	17	2026-03-15	10	150
2026-04-07	SKU006	Fashion	Adidas	110	0	15	2026-04-06	12	160
2026-04-07	SKU007	Home	IKEA	68	270	12	2026-03-22	16	300
2026-04-07	SKU008	Home	HomeCentre	235	0	13	2026-04-04	8	250
2026-04-07	SKU009	Beauty	Loreal	266	0	40	2026-04-01	5	60
2026-04-07	SKU010	Beauty	Maybelline	226	0	30	2026-04-03	6	45
2026-04-08	SKU001	Electronics	Apple	7	150	6	2026-03-20	21	1200
2026-04-08	SKU002	Electronics	Samsung	187	0	9	2026-04-05	14	800
2026-04-08	SKU003	Electronics	Sony	124	0	10	2026-04-02	18	650
2026-04-08	SKU004	Fashion	Nike	160	0	23	2026-03-25	7	180
2026-04-08	SKU005	Fashion	Puma	120	0	16	2026-04-08	10	150
2026-04-08	SKU006	Fashion	Adidas	90	0	20	2026-04-06	12	160
2026-04-08	SKU007	Home	IKEA	56	270	11	2026-03-22	16	300
2026-04-08	SKU008	Home	HomeCentre	228	0	15	2026-04-04	8	250
2026-04-08	SKU009	Beauty	Loreal	234	0	43	2026-04-01	5	60
2026-04-08	SKU010	Beauty	Maybelline	200	0	31	2026-04-03	6	45
2026-04-09	SKU001	Electronics	Apple	40	150	3	2026-03-20	21	1200
2026-04-09	SKU002	Electronics	Samsung	184	0	13	2026-04-05	14	800
2026-04-09	SKU003	Electronics	Sony	97	170	11	2026-04-02	18	650
2026-04-09	SKU004	Fashion	Nike	125	0	18	2026-03-25	7	180
2026-04-09	SKU005	Fashion	Puma	106	0	19	2026-04-08	10	150
2026-04-09	SKU006	Fashion	Adidas	79	0	19	2026-04-06	12	160
2026-04-09	SKU007	Home	IKEA	8	270	14	2026-03-22	16	300
2026-04-09	SKU008	Home	HomeCentre	205	0	13	2026-04-04	8	250
2026-04-09	SKU009	Beauty	Loreal	196	0	40	2026-04-01	5	60
2026-04-09	SKU010	Beauty	Maybelline	170	0	33	2026-04-03	6	45
2026-04-10	SKU001	Electronics	Apple	35	150	8	2026-03-20	21	1200
2026-04-10	SKU002	Electronics	Samsung	180	230	9	2026-04-05	14	800
2026-04-10	SKU003	Electronics	Sony	112	170	10	2026-04-02	18	650
2026-04-10	SKU004	Fashion	Nike	150	0	19	2026-04-10	7	180
2026-04-10	SKU005	Fashion	Puma	86	0	18	2026-04-08	10	150
2026-04-10	SKU006	Fashion	Adidas	54	0	19	2026-04-06	12	160
2026-04-10	SKU007	Home	IKEA	0	270	13	2026-03-22	16	300
2026-04-10	SKU008	Home	HomeCentre	190	0	15	2026-04-04	8	250
2026-04-10	SKU009	Beauty	Loreal	131	700	41	2026-04-01	5	60
2026-04-10	SKU010	Beauty	Maybelline	119	0	32	2026-04-03	6	45
2026-04-11	SKU001	Electronics	Apple	0	150	7	2026-03-20	21	1200
2026-04-11	SKU002	Electronics	Samsung	160	230	7	2026-04-05	14	800
2026-04-11	SKU003	Electronics	Sony	106	170	9	2026-04-02	18	650
2026-04-11	SKU004	Fashion	Nike	132	0	22	2026-04-10	7	180
2026-04-11	SKU005	Fashion	Puma	66	0	19	2026-04-08	10	150
2026-04-11	SKU006	Fashion	Adidas	50	0	20	2026-04-06	12	160
2026-04-11	SKU007	Home	IKEA	40	270	9	2026-03-22	16	300
2026-04-11	SKU008	Home	HomeCentre	168	290	16	2026-04-04	8	250
2026-04-11	SKU009	Beauty	Loreal	120	700	39	2026-04-01	5	60
2026-04-11	SKU010	Beauty	Maybelline	94	0	31	2026-04-03	6	45
2026-04-12	SKU001	Electronics	Apple	25	150	8	2026-03-20	21	1200
2026-04-12	SKU002	Electronics	Samsung	164	230	8	2026-04-05	14	800
2026-04-12	SKU003	Electronics	Sony	100	170	6	2026-04-02	18	650
2026-04-12	SKU004	Fashion	Nike	108	0	23	2026-04-10	7	180
2026-04-12	SKU005	Fashion	Puma	52	0	15	2026-04-08	10	150
2026-04-12	SKU006	Fashion	Adidas	28	0	18	2026-04-06	12	160
2026-04-12	SKU007	Home	IKEA	29	270	15	2026-03-22	16	300
2026-04-12	SKU008	Home	HomeCentre	176	290	14	2026-04-04	8	250
2026-04-12	SKU009	Beauty	Loreal	38	700	38	2026-04-01	5	60
2026-04-12	SKU010	Beauty	Maybelline	53	0	32	2026-04-03	6	45
2026-04-13	SKU001	Electronics	Apple	20	150	9	2026-03-20	21	1200
2026-04-13	SKU002	Electronics	Samsung	140	230	7	2026-04-05	14	800
2026-04-13	SKU003	Electronics	Sony	83	170	11	2026-04-02	18	650
2026-04-13	SKU004	Fashion	Nike	93	0	23	2026-04-10	7	180
2026-04-13	SKU005	Fashion	Puma	50	0	17	2026-04-08	10	150
2026-04-13	SKU006	Fashion	Adidas	0	0	18	2026-04-06	12	160
2026-04-13	SKU007	Home	IKEA	40	270	9	2026-03-22	16	300
2026-04-13	SKU008	Home	HomeCentre	145	290	15	2026-04-04	8	250
2026-04-13	SKU009	Beauty	Loreal	32	700	43	2026-04-01	5	60
2026-04-13	SKU010	Beauty	Maybelline	50	0	33	2026-04-03	6	45
2026-04-14	SKU001	Electronics	Apple	40	150	9	2026-03-20	21	1200
2026-04-14	SKU002	Electronics	Samsung	139	230	11	2026-04-05	14	800
2026-04-14	SKU003	Electronics	Sony	88	170	5	2026-04-02	18	650
2026-04-14	SKU004	Fashion	Nike	70	0	17	2026-04-10	7	180
2026-04-14	SKU005	Fashion	Puma	30	0	15	2026-04-08	10	150
2026-04-14	SKU006	Fashion	Adidas	0	0	19	2026-04-06	12	160
2026-04-14	SKU007	Home	IKEA	0	270	11	2026-03-22	16	300
2026-04-14	SKU008	Home	HomeCentre	120	290	16	2026-04-04	8	250
2026-04-14	SKU009	Beauty	Loreal	0	700	38	2026-04-01	5	60
2026-04-14	SKU010	Beauty	Maybelline	600	0	30	2026-04-14	6	45
